{
    "accuracy": 0.99,
    "precision": 0.9903030303030304,
    "recall": 0.99,
    "f1_score": 0.990039886039886,
    "training_time": 0.19218730926513672,
    "log_loss": 0.057722768371536795,
    "balanced_accuracy": 0.9926470588235294
}