{
    "accuracy": 0.985,
    "precision": 0.9851168091168091,
    "recall": 0.985,
    "f1_score": 0.985030464258131,
    "training_time": 0.12287330627441406,
    "log_loss": 0.059685323750855286,
    "balanced_accuracy": 0.9848345588235294
}