{
    "accuracy": 0.99,
    "precision": 0.9903030303030304,
    "recall": 0.99,
    "f1_score": 0.990039886039886,
    "training_time": 0.3609800338745117,
    "log_loss": 0.05733360677541016,
    "balanced_accuracy": 0.9926470588235294
}