{
    "accuracy": 0.99,
    "precision": 0.9903030303030304,
    "recall": 0.99,
    "f1_score": 0.990039886039886,
    "training_time": 0.36510658264160156,
    "log_loss": 0.06949208614450673,
    "balanced_accuracy": 0.9926470588235294
}