{
    "accuracy": 0.995,
    "precision": 0.9950769230769231,
    "recall": 0.995,
    "f1_score": 0.9950101547527104,
    "training_time": 0.21162891387939453,
    "log_loss": 0.057774379053074594,
    "balanced_accuracy": 0.9963235294117647
}