{
    "accuracy": 0.985,
    "precision": 0.9851168091168091,
    "recall": 0.985,
    "f1_score": 0.985030464258131,
    "training_time": 0.05777335166931152,
    "log_loss": 0.061369096573104756,
    "balanced_accuracy": 0.9848345588235294
}