{
    "accuracy": 0.98,
    "precision": 0.9811764705882353,
    "recall": 0.98,
    "f1_score": 0.980153776571687,
    "training_time": 0.062198638916015625,
    "log_loss": 0.07513856143377133,
    "balanced_accuracy": 0.9852941176470589
}